,best_fitness_19521290,num of evaluation calls
0,403532.15,1025
1,98638.69,2049
2,24808.39,3073
3,1203.61,4097
4,929.7,5121
5,907.81,6145
6,383.4,7169
7,501.34,8193
8,221.61,9217
9,271.48,10241
10,155.84,11265
11,101.12,12289
12,123.84,13313
13,68.8,14337
14,65.73,15361
15,86.7,16385
16,30.19,17409
17,37.51,18433
18,18.57,19457
19,12.0,20481
20,16.68,21505
21,10.08,22529
22,15.58,23553
23,10.37,24577
24,8.58,25601
25,8.56,26625
26,9.26,27649
27,8.27,28673
28,8.46,29697
29,8.22,30721
30,8.03,31745
31,7.78,32769
32,7.87,33793
33,7.7,34817
34,7.55,35841
35,7.34,36865
36,7.37,37889
37,7.2,38913
38,7.15,39937
39,7.13,40961
40,7.14,41985
41,7.02,43009
42,6.98,44033
43,6.96,45057
44,6.84,46081
45,6.83,47105
46,6.73,48129
47,6.56,49153
48,6.41,50177
49,6.44,51201
50,6.35,52225
51,6.25,53249
52,6.18,54273
53,6.17,55297
54,6.12,56321
55,6.18,57345
56,5.94,58369
57,5.84,59393
58,5.58,60417
59,5.62,61441
60,5.44,62465
61,5.4,63489
62,5.42,64513
63,5.33,65537
64,5.3,66561
65,5.2,67585
66,5.2,68609
67,5.1,69633
68,5.1,70657
69,5.0,71681
70,4.97,72705
71,4.94,73729
72,4.87,74753
73,4.85,75777
74,4.82,76801
75,4.71,77825
76,4.69,78849
77,4.53,79873
78,4.46,80897
79,4.52,81921
80,4.26,82945
81,4.24,83969
82,4.12,84993
83,4.05,86017
84,4.09,87041
85,3.91,88065
86,3.95,89089
87,3.89,90113
88,3.86,91137
89,3.83,92161
90,3.78,93185
91,3.66,94209
92,3.66,95233
93,3.6,96257
94,3.53,97281
95,3.39,98305
96,3.36,99329
97,3.35,100353
98,3.25,101377
99,3.21,102401
100,3.13,103425
101,3.16,104449
102,3.12,105473
103,3.07,106497
104,3.07,107521
105,3.01,108545
106,2.98,109569
107,2.95,110593
108,2.9,111617
109,2.79,112641
110,2.69,113665
111,2.72,114689
112,2.69,115713
113,2.66,116737
114,2.65,117761
115,2.64,118785
116,2.62,119809
117,2.61,120833
118,2.61,121857
119,2.59,122881
120,2.59,123905
121,2.49,124929
122,2.43,125953
123,2.43,126977
124,2.4,128001
125,2.38,129025
126,2.3,130049
127,2.27,131073
128,2.26,132097
129,2.23,133121
130,2.27,134145
131,2.17,135169
132,2.12,136193
133,2.07,137217
134,2.03,138241
135,2.06,139265
136,1.99,140289
137,1.97,141313
138,1.93,142337
139,1.92,143361
140,1.92,144385
141,1.96,145409
142,1.9,146433
143,1.88,147457
144,1.86,148481
145,1.82,149505
146,1.81,150529
147,1.74,151553
148,1.7,152577
149,1.7,153601
150,1.77,154625
151,1.58,155649
152,1.6,156673
153,1.55,157697
154,1.52,158721
155,1.49,159745
156,1.44,160769
157,1.39,161793
158,1.37,162817
159,1.35,163841
160,1.38,164865
161,1.27,165889
162,1.26,166913
163,1.25,167937
164,1.19,168961
165,1.16,169985
166,1.19,171009
167,1.16,172033
168,1.13,173057
169,1.1,174081
170,1.08,175105
171,1.04,176129
172,1.04,177153
173,1.04,178177
174,1.01,179201
175,0.98,180225
176,0.96,181249
177,0.94,182273
178,0.93,183297
179,0.9,184321
180,0.86,185345
181,0.85,186369
182,0.84,187393
183,0.84,188417
184,0.88,189441
185,0.79,190465
186,0.77,191489
187,0.76,192513
188,0.76,193537
189,0.73,194561
190,0.69,195585
191,0.69,196609
192,0.68,197633
193,0.68,198657
194,0.68,199681
195,0.66,200705
196,0.63,201729
197,0.6,202753
198,0.6,203777
199,0.61,204801
200,0.57,205825
201,0.57,206849
202,0.54,207873
203,0.54,208897
204,0.52,209921
205,0.52,210945
206,0.52,211969
207,0.51,212993
208,0.51,214017
209,0.51,215041
210,0.5,216065
211,0.49,217089
212,0.47,218113
213,0.47,219137
214,0.47,220161
215,0.46,221185
216,0.45,222209
217,0.44,223233
218,0.43,224257
219,0.44,225281
220,0.43,226305
221,0.42,227329
222,0.42,228353
223,0.41,229377
224,0.41,230401
225,0.4,231425
226,0.4,232449
227,0.4,233473
228,0.39,234497
229,0.39,235521
230,0.37,236545
231,0.37,237569
232,0.37,238593
233,0.36,239617
234,0.35,240641
235,0.35,241665
236,0.34,242689
237,0.34,243713
238,0.33,244737
239,0.33,245761
240,0.32,246785
241,0.33,247809
242,0.32,248833
243,0.32,249857
244,0.31,250881
245,0.31,251905
246,0.31,252929
247,0.31,253953
248,0.3,254977
249,0.29,256001
250,0.29,257025
251,0.29,258049
252,0.29,259073
253,0.29,260097
254,0.29,261121
255,0.28,262145
256,0.28,263169
257,0.27,264193
258,0.27,265217
259,0.26,266241
260,0.26,267265
261,0.26,268289
262,0.25,269313
263,0.25,270337
264,0.25,271361
265,0.25,272385
266,0.25,273409
267,0.24,274433
268,0.24,275457
269,0.24,276481
270,0.23,277505
271,0.23,278529
272,0.23,279553
273,0.23,280577
274,0.23,281601
275,0.22,282625
276,0.22,283649
277,0.22,284673
278,0.22,285697
279,0.22,286721
280,0.22,287745
281,0.22,288769
282,0.22,289793
283,0.21,290817
284,0.21,291841
285,0.21,292865
286,0.2,293889
287,0.2,294913
288,0.2,295937
289,0.2,296961
290,0.2,297985
291,0.2,299009
292,0.2,300033
293,0.2,301057
294,0.19,302081
295,0.19,303105
296,0.19,304129
297,0.19,305153
298,0.19,306177
299,0.19,307201
300,0.19,308225
301,0.18,309249
302,0.18,310273
303,0.18,311297
304,0.18,312321
305,0.18,313345
306,0.18,314369
307,0.17,315393
308,0.18,316417
309,0.17,317441
310,0.17,318465
311,0.17,319489
312,0.17,320513
313,0.17,321537
314,0.17,322561
315,0.17,323585
316,0.16,324609
317,0.16,325633
318,0.16,326657
319,0.16,327681
320,0.16,328705
321,0.16,329729
322,0.16,330753
323,0.16,331777
324,0.16,332801
325,0.15,333825
326,0.15,334849
327,0.15,335873
328,0.15,336897
329,0.15,337921
330,0.15,338945
331,0.15,339969
332,0.15,340993
333,0.15,342017
334,0.15,343041
335,0.15,344065
336,0.15,345089
337,0.15,346113
338,0.14,347137
339,0.14,348161
340,0.14,349185
341,0.14,350209
342,0.13,351233
343,0.13,352257
344,0.13,353281
345,0.13,354305
346,0.13,355329
347,0.13,356353
348,0.13,357377
349,0.13,358401
350,0.13,359425
351,0.13,360449
352,0.13,361473
353,0.12,362497
354,0.12,363521
355,0.13,364545
356,0.12,365569
357,0.12,366593
358,0.12,367617
359,0.12,368641
360,0.12,369665
361,0.12,370689
362,0.12,371713
363,0.11,372737
364,0.11,373761
365,0.11,374785
366,0.11,375809
367,0.11,376833
368,0.11,377857
369,0.11,378881
370,0.11,379905
371,0.11,380929
372,0.1,381953
373,0.1,382977
374,0.1,384001
375,0.1,385025
376,0.1,386049
377,0.1,387073
378,0.1,388097
379,0.1,389121
380,0.1,390145
381,0.1,391169
382,0.1,392193
383,0.1,393217
384,0.09,394241
385,0.09,395265
386,0.09,396289
387,0.09,397313
388,0.09,398337
389,0.09,399361
390,0.09,400385
391,0.09,401409
392,0.09,402433
393,0.09,403457
394,0.09,404481
395,0.09,405505
396,0.09,406529
397,0.09,407553
398,0.08,408577
399,0.08,409601
400,0.08,410625
401,0.08,411649
402,0.08,412673
403,0.08,413697
404,0.08,414721
405,0.08,415745
406,0.08,416769
407,0.08,417793
408,0.08,418817
409,0.08,419841
410,0.08,420865
411,0.08,421889
412,0.08,422913
413,0.08,423937
414,0.08,424961
415,0.08,425985
416,0.08,427009
417,0.08,428033
418,0.08,429057
419,0.08,430081
420,0.08,431105
421,0.08,432129
422,0.08,433153
423,0.07,434177
424,0.07,435201
425,0.07,436225
426,0.07,437249
427,0.07,438273
428,0.07,439297
429,0.07,440321
430,0.07,441345
431,0.07,442369
432,0.07,443393
433,0.07,444417
434,0.07,445441
435,0.07,446465
436,0.07,447489
437,0.07,448513
438,0.07,449537
439,0.07,450561
440,0.07,451585
441,0.07,452609
442,0.07,453633
443,0.07,454657
444,0.07,455681
445,0.07,456705
446,0.07,457729
447,0.06,458753
448,0.06,459777
449,0.06,460801
450,0.06,461825
451,0.06,462849
452,0.06,463873
453,0.06,464897
454,0.06,465921
455,0.06,466945
456,0.06,467969
457,0.06,468993
458,0.06,470017
459,0.06,471041
460,0.06,472065
461,0.06,473089
462,0.06,474113
463,0.06,475137
464,0.06,476161
465,0.06,477185
466,0.06,478209
467,0.06,479233
468,0.06,480257
469,0.06,481281
470,0.06,482305
471,0.06,483329
472,0.05,484353
473,0.05,485377
474,0.05,486401
475,0.05,487425
476,0.05,488449
477,0.05,489473
478,0.05,490497
479,0.05,491521
480,0.05,492545
481,0.05,493569
482,0.05,494593
483,0.05,495617
484,0.05,496641
485,0.05,497665
486,0.05,498689
487,0.05,499713
488,0.05,500737
489,0.05,501761
490,0.05,502785
491,0.05,503809
492,0.05,504833
493,0.05,505857
494,0.05,506881
495,0.05,507905
496,0.05,508929
497,0.05,509953
498,0.05,510977
499,0.05,512001
500,0.05,513025
501,0.05,514049
502,0.05,515073
503,0.05,516097
504,0.05,517121
505,0.05,518145
506,0.05,519169
507,0.05,520193
508,0.05,521217
509,0.04,522241
510,0.04,523265
511,0.04,524289
512,0.04,525313
513,0.04,526337
514,0.04,527361
515,0.04,528385
516,0.04,529409
517,0.04,530433
518,0.04,531457
519,0.04,532481
520,0.04,533505
521,0.04,534529
522,0.04,535553
523,0.04,536577
524,0.04,537601
525,0.04,538625
526,0.04,539649
527,0.04,540673
528,0.04,541697
529,0.04,542721
530,0.04,543745
531,0.04,544769
532,0.04,545793
533,0.04,546817
534,0.04,547841
535,0.04,548865
536,0.04,549889
537,0.04,550913
538,0.04,551937
539,0.04,552961
540,0.04,553985
541,0.04,555009
542,0.04,556033
543,0.04,557057
544,0.04,558081
545,0.04,559105
546,0.04,560129
547,0.04,561153
548,0.04,562177
549,0.04,563201
550,0.04,564225
551,0.04,565249
552,0.04,566273
553,0.04,567297
554,0.04,568321
555,0.03,569345
556,0.03,570369
557,0.03,571393
558,0.03,572417
559,0.03,573441
560,0.03,574465
561,0.03,575489
562,0.03,576513
563,0.03,577537
564,0.03,578561
565,0.03,579585
566,0.03,580609
567,0.03,581633
568,0.03,582657
569,0.03,583681
570,0.03,584705
571,0.03,585729
572,0.03,586753
573,0.03,587777
574,0.03,588801
575,0.03,589825
576,0.03,590849
577,0.03,591873
578,0.03,592897
579,0.03,593921
580,0.03,594945
581,0.03,595969
582,0.03,596993
583,0.03,598017
584,0.03,599041
585,0.03,600065
586,0.03,601089
587,0.03,602113
588,0.03,603137
589,0.03,604161
590,0.03,605185
591,0.03,606209
592,0.03,607233
593,0.03,608257
594,0.03,609281
595,0.03,610305
596,0.03,611329
597,0.03,612353
598,0.03,613377
599,0.03,614401
600,0.03,615425
601,0.03,616449
602,0.03,617473
603,0.03,618497
604,0.03,619521
605,0.03,620545
606,0.03,621569
607,0.03,622593
608,0.03,623617
609,0.03,624641
610,0.03,625665
611,0.03,626689
612,0.03,627713
613,0.03,628737
614,0.03,629761
615,0.03,630785
616,0.03,631809
617,0.02,632833
618,0.03,633857
619,0.02,634881
620,0.02,635905
621,0.02,636929
622,0.02,637953
623,0.02,638977
624,0.02,640001
625,0.02,641025
626,0.02,642049
627,0.02,643073
628,0.02,644097
629,0.02,645121
630,0.02,646145
631,0.02,647169
632,0.02,648193
633,0.02,649217
634,0.02,650241
635,0.02,651265
636,0.02,652289
637,0.02,653313
638,0.02,654337
639,0.02,655361
640,0.02,656385
641,0.02,657409
642,0.02,658433
643,0.02,659457
644,0.02,660481
645,0.02,661505
646,0.02,662529
647,0.02,663553
648,0.02,664577
649,0.02,665601
650,0.02,666625
651,0.02,667649
652,0.02,668673
653,0.02,669697
654,0.02,670721
655,0.02,671745
656,0.02,672769
657,0.02,673793
658,0.02,674817
659,0.02,675841
660,0.02,676865
661,0.02,677889
662,0.02,678913
663,0.02,679937
664,0.02,680961
665,0.02,681985
666,0.02,683009
667,0.02,684033
668,0.02,685057
669,0.02,686081
670,0.02,687105
671,0.02,688129
672,0.02,689153
673,0.02,690177
674,0.02,691201
675,0.02,692225
676,0.02,693249
677,0.02,694273
678,0.02,695297
679,0.02,696321
680,0.02,697345
681,0.02,698369
682,0.02,699393
683,0.02,700417
684,0.02,701441
685,0.02,702465
686,0.02,703489
687,0.02,704513
688,0.02,705537
689,0.02,706561
690,0.02,707585
691,0.02,708609
692,0.02,709633
693,0.02,710657
694,0.02,711681
695,0.02,712705
696,0.02,713729
697,0.02,714753
698,0.02,715777
699,0.02,716801
700,0.02,717825
701,0.02,718849
702,0.01,719873
703,0.02,720897
704,0.01,721921
705,0.01,722945
706,0.01,723969
707,0.01,724993
708,0.01,726017
709,0.01,727041
710,0.01,728065
711,0.01,729089
712,0.01,730113
713,0.01,731137
714,0.01,732161
715,0.01,733185
716,0.01,734209
717,0.01,735233
718,0.01,736257
719,0.01,737281
720,0.01,738305
721,0.01,739329
722,0.01,740353
723,0.01,741377
724,0.01,742401
725,0.01,743425
726,0.01,744449
727,0.01,745473
728,0.01,746497
729,0.01,747521
730,0.01,748545
731,0.01,749569
732,0.01,750593
733,0.01,751617
734,0.01,752641
735,0.01,753665
736,0.01,754689
737,0.01,755713
738,0.01,756737
739,0.01,757761
740,0.01,758785
741,0.01,759809
742,0.01,760833
743,0.01,761857
744,0.01,762881
745,0.01,763905
746,0.01,764929
747,0.01,765953
748,0.01,766977
749,0.01,768001
750,0.01,769025
751,0.01,770049
752,0.01,771073
753,0.01,772097
754,0.01,773121
755,0.01,774145
756,0.01,775169
757,0.01,776193
758,0.01,777217
759,0.01,778241
760,0.01,779265
761,0.01,780289
762,0.01,781313
763,0.01,782337
764,0.01,783361
765,0.01,784385
766,0.01,785409
767,0.01,786433
768,0.01,787457
769,0.01,788481
770,0.01,789505
771,0.01,790529
772,0.01,791553
773,0.01,792577
774,0.01,793601
775,0.01,794625
776,0.01,795649
777,0.01,796673
778,0.01,797697
779,0.01,798721
780,0.01,799745
781,0.01,800769
782,0.01,801793
783,0.01,802817
784,0.01,803841
785,0.01,804865
786,0.01,805889
787,0.01,806913
788,0.01,807937
789,0.01,808961
790,0.01,809985
791,0.01,811009
792,0.01,812033
793,0.01,813057
794,0.01,814081
795,0.01,815105
796,0.01,816129
797,0.01,817153
798,0.01,818177
799,0.01,819201
800,0.01,820225
801,0.01,821249
802,0.01,822273
803,0.01,823297
804,0.01,824321
805,0.01,825345
806,0.01,826369
807,0.01,827393
808,0.01,828417
809,0.01,829441
810,0.01,830465
811,0.01,831489
812,0.01,832513
813,0.01,833537
814,0.01,834561
815,0.01,835585
816,0.01,836609
817,0.01,837633
818,0.01,838657
819,0.01,839681
820,0.01,840705
821,0.01,841729
822,0.01,842753
823,0.01,843777
824,0.01,844801
825,0.01,845825
826,0.01,846849
827,0.01,847873
828,0.01,848897
829,0.01,849921
830,0.01,850945
831,0.01,851969
832,0.01,852993
833,0.01,854017
834,0.01,855041
835,0.01,856065
836,0.01,857089
837,0.01,858113
838,0.01,859137
839,0.01,860161
840,0.01,861185
841,0.01,862209
842,0.01,863233
843,0.01,864257
844,0.01,865281
845,0.01,866305
846,0.01,867329
847,0.01,868353
848,0.01,869377
849,0.01,870401
850,0.01,871425
851,0.01,872449
852,0.01,873473
853,0.01,874497
854,0.01,875521
855,0.01,876545
856,0.01,877569
857,0.01,878593
858,0.01,879617
859,0.01,880641
860,0.01,881665
861,0.01,882689
862,0.01,883713
863,0.01,884737
864,0.01,885761
865,0.01,886785
866,0.01,887809
867,0.01,888833
868,0.01,889857
869,0.01,890881
870,0.01,891905
871,0.01,892929
872,0.01,893953
873,0.01,894977
874,0.01,896001
875,0.01,897025
876,0.01,898049
877,0.01,899073
878,0.01,900097
879,0.01,901121
880,0.01,902145
881,0.01,903169
882,0.01,904193
883,0.01,905217
884,0.01,906241
885,0.01,907265
886,0.01,908289
887,0.01,909313
888,0.01,910337
889,0.01,911361
890,0.01,912385
891,0.01,913409
892,0.01,914433
893,0.01,915457
894,0.01,916481
895,0.01,917505
896,0.01,918529
897,0.01,919553
898,0.01,920577
899,0.01,921601
900,0.01,922625
901,0.01,923649
902,0.01,924673
903,0.01,925697
904,0.01,926721
905,0.01,927745
906,0.01,928769
907,0.01,929793
908,0.01,930817
909,0.01,931841
910,0.01,932865
911,0.01,933889
912,0.01,934913
913,0.01,935937
914,0.01,936961
915,0.01,937985
916,0.01,939009
917,0.01,940033
918,0.01,941057
919,0.01,942081
920,0.01,943105
921,0.01,944129
922,0.01,945153
923,0.01,946177
924,0.01,947201
925,0.01,948225
926,0.01,949249
927,0.01,950273
928,0.01,951297
929,0.01,952321
930,0.01,953345
931,0.01,954369
932,0.01,955393
933,0.0,956417
934,0.0,957441
935,0.0,958465
936,0.0,959489
937,0.0,960513
938,0.0,961537
939,0.0,962561
940,0.0,963585
941,0.0,964609
942,0.0,965633
943,0.0,966657
944,0.0,967681
945,0.0,968705
946,0.0,969729
947,0.0,970753
948,0.0,971777
949,0.0,972801
950,0.0,973825
951,0.0,974849
952,0.0,975873
953,0.0,976897
954,0.0,977921
955,0.0,978945
956,0.0,979969
957,0.0,980993
958,0.0,982017
959,0.0,983041
960,0.0,984065
961,0.0,985089
962,0.0,986113
963,0.0,987137
964,0.0,988161
965,0.0,989185
966,0.0,990209
967,0.0,991233
968,0.0,992257
969,0.0,993281
970,0.0,994305
971,0.0,995329
972,0.0,996353
973,0.0,997377
974,0.0,998401
975,0.0,999425
976,0.0,1000449
977,0.0,1001473
978,0.0,1002497
979,0.0,1003521
980,0.0,1004545
981,0.0,1005569
982,0.0,1006593
983,0.0,1007617
984,0.0,1008641
985,0.0,1009665
986,0.0,1010689
987,0.0,1011713
988,0.0,1012737
989,0.0,1013761
990,0.0,1014785
991,0.0,1015809
992,0.0,1016833
993,0.0,1017857
994,0.0,1018881
995,0.0,1019905
996,0.0,1020929
997,0.0,1021953
998,0.0,1022977
999,0.0,1024001
1000,0.0,1025025
1001,0.0,1026049
1002,0.0,1027073
1003,0.0,1028097
1004,0.0,1029121
1005,0.0,1030145
1006,0.0,1031169
1007,0.0,1032193
1008,0.0,1033217
1009,0.0,1034241
1010,0.0,1035265
1011,0.0,1036289
1012,0.0,1037313
1013,0.0,1038337
1014,0.0,1039361
1015,0.0,1040385
1016,0.0,1041409
1017,0.0,1042433
1018,0.0,1043457
1019,0.0,1044481
1020,0.0,1045505
1021,0.0,1046529
1022,0.0,1047553
1023,0.0,1048577
1024,0.0,1049601
1025,0.0,1050625
1026,0.0,1051649
1027,0.0,1052673
1028,0.0,1053697
1029,0.0,1054721
1030,0.0,1055745
1031,0.0,1056769
1032,0.0,1057793
1033,0.0,1058817
1034,0.0,1059841
1035,0.0,1060865
1036,0.0,1061889
1037,0.0,1062913
1038,0.0,1063937
1039,0.0,1064961
1040,0.0,1065985
1041,0.0,1067009
1042,0.0,1068033
1043,0.0,1069057
1044,0.0,1070081
1045,0.0,1071105
1046,0.0,1072129
1047,0.0,1073153
1048,0.0,1074177
1049,0.0,1075201
1050,0.0,1076225
1051,0.0,1077249
1052,0.0,1078273
1053,0.0,1079297
1054,0.0,1080321
1055,0.0,1081345
1056,0.0,1082369
1057,0.0,1083393
1058,0.0,1084417
1059,0.0,1085441
1060,0.0,1086465
1061,0.0,1087489
1062,0.0,1088513
1063,0.0,1089537
1064,0.0,1090561
1065,0.0,1091585
1066,0.0,1092609
1067,0.0,1093633
1068,0.0,1094657
1069,0.0,1095681
1070,0.0,1096705
1071,0.0,1097729
1072,0.0,1098753
1073,0.0,1099777
1074,0.0,1100801
1075,0.0,1101825
1076,0.0,1102849
1077,0.0,1103873
1078,0.0,1104897
1079,0.0,1105921
1080,0.0,1106945
1081,0.0,1107969
1082,0.0,1108993
1083,0.0,1110017
1084,0.0,1111041
1085,0.0,1112065
1086,0.0,1113089
1087,0.0,1114113
1088,0.0,1115137
1089,0.0,1116161
1090,0.0,1117185
1091,0.0,1118209
1092,0.0,1119233
1093,0.0,1120257
1094,0.0,1121281
1095,0.0,1122305
1096,0.0,1123329
1097,0.0,1124353
1098,0.0,1125377
1099,0.0,1126401
1100,0.0,1127425
1101,0.0,1128449
1102,0.0,1129473
1103,0.0,1130497
1104,0.0,1131521
1105,0.0,1132545
1106,0.0,1133569
1107,0.0,1134593
1108,0.0,1135617
1109,0.0,1136641
1110,0.0,1137665
1111,0.0,1138689
1112,0.0,1139713
1113,0.0,1140737
1114,0.0,1141761
1115,0.0,1142785
1116,0.0,1143809
1117,0.0,1144833
1118,0.0,1145857
1119,0.0,1146881
1120,0.0,1147905
1121,0.0,1148929
1122,0.0,1149953
1123,0.0,1150977
1124,0.0,1152001
1125,0.0,1153025
1126,0.0,1154049
1127,0.0,1155073
1128,0.0,1156097
1129,0.0,1157121
1130,0.0,1158145
1131,0.0,1159169
1132,0.0,1160193
1133,0.0,1161217
1134,0.0,1162241
1135,0.0,1163265
1136,0.0,1164289
1137,0.0,1165313
1138,0.0,1166337
1139,0.0,1167361
1140,0.0,1168385
1141,0.0,1169409
1142,0.0,1170433
1143,0.0,1171457
1144,0.0,1172481
1145,0.0,1173505
1146,0.0,1174529
1147,0.0,1175553
1148,0.0,1176577
1149,0.0,1177601
1150,0.0,1178625
1151,0.0,1179649
1152,0.0,1180673
1153,0.0,1181697
1154,0.0,1182721
1155,0.0,1183745
1156,0.0,1184769
1157,0.0,1185793
1158,0.0,1186817
1159,0.0,1187841
1160,0.0,1188865
1161,0.0,1189889
1162,0.0,1190913
1163,0.0,1191937
1164,0.0,1192961
1165,0.0,1193985
1166,0.0,1195009
1167,0.0,1196033
1168,0.0,1197057
1169,0.0,1198081
1170,0.0,1199105
1171,0.0,1200129
1172,0.0,1201153
1173,0.0,1202177
1174,0.0,1203201
1175,0.0,1204225
1176,0.0,1205249
1177,0.0,1206273
1178,0.0,1207297
1179,0.0,1208321
1180,0.0,1209345
1181,0.0,1210369
1182,0.0,1211393
1183,0.0,1212417
1184,0.0,1213441
1185,0.0,1214465
1186,0.0,1215489
1187,0.0,1216513
1188,0.0,1217537
1189,0.0,1218561
1190,0.0,1219585
1191,0.0,1220609
1192,0.0,1221633
1193,0.0,1222657
1194,0.0,1223681
1195,0.0,1224705
1196,0.0,1225729
1197,0.0,1226753
1198,0.0,1227777
1199,0.0,1228801
1200,0.0,1229825
1201,0.0,1230849
1202,0.0,1231873
1203,0.0,1232897
1204,0.0,1233921
1205,0.0,1234945
1206,0.0,1235969
1207,0.0,1236993
1208,0.0,1238017
1209,0.0,1239041
1210,0.0,1240065
1211,0.0,1241089
1212,0.0,1242113
1213,0.0,1243137
1214,0.0,1244161
1215,0.0,1245185
1216,0.0,1246209
1217,0.0,1247233
1218,0.0,1248257
1219,0.0,1249281
1220,0.0,1250305
1221,0.0,1251329
1222,0.0,1252353
1223,0.0,1253377
1224,0.0,1254401
1225,0.0,1255425
1226,0.0,1256449
1227,0.0,1257473
1228,0.0,1258497
1229,0.0,1259521
1230,0.0,1260545
1231,0.0,1261569
1232,0.0,1262593
1233,0.0,1263617
1234,0.0,1264641
1235,0.0,1265665
1236,0.0,1266689
1237,0.0,1267713
1238,0.0,1268737
1239,0.0,1269761
1240,0.0,1270785
1241,0.0,1271809
1242,0.0,1272833
1243,0.0,1273857
1244,0.0,1274881
1245,0.0,1275905
1246,0.0,1276929
1247,0.0,1277953
1248,0.0,1278977
1249,0.0,1280001
1250,0.0,1281025
1251,0.0,1282049
1252,0.0,1283073
1253,0.0,1284097
1254,0.0,1285121
1255,0.0,1286145
1256,0.0,1287169
1257,0.0,1288193
1258,0.0,1289217
1259,0.0,1290241
1260,0.0,1291265
1261,0.0,1292289
1262,0.0,1293313
1263,0.0,1294337
1264,0.0,1295361
1265,0.0,1296385
1266,0.0,1297409
1267,0.0,1298433
1268,0.0,1299457
1269,0.0,1300481
1270,0.0,1301505
1271,0.0,1302529
1272,0.0,1303553
1273,0.0,1304577
1274,0.0,1305601
1275,0.0,1306625
1276,0.0,1307649
1277,0.0,1308673
1278,0.0,1309697
1279,0.0,1310721
1280,0.0,1311745
1281,0.0,1312769
1282,0.0,1313793
1283,0.0,1314817
1284,0.0,1315841
1285,0.0,1316865
1286,0.0,1317889
1287,0.0,1318913
1288,0.0,1319937
1289,0.0,1320961
1290,0.0,1321985
1291,0.0,1323009
1292,0.0,1324033
1293,0.0,1325057
1294,0.0,1326081
1295,0.0,1327105
1296,0.0,1328129
1297,0.0,1329153
1298,0.0,1330177
1299,0.0,1331201
1300,0.0,1332225
1301,0.0,1333249
1302,0.0,1334273
1303,0.0,1335297
1304,0.0,1336321
1305,0.0,1337345
1306,0.0,1338369
1307,0.0,1339393
1308,0.0,1340417
1309,0.0,1341441
1310,0.0,1342465
1311,0.0,1343489
1312,0.0,1344513
1313,0.0,1345537
1314,0.0,1346561
1315,0.0,1347585
1316,0.0,1348609
1317,0.0,1349633
1318,0.0,1350657
1319,0.0,1351681
1320,0.0,1352705
1321,0.0,1353729
1322,0.0,1354753
1323,0.0,1355777
1324,0.0,1356801
1325,0.0,1357825
1326,0.0,1358849
1327,0.0,1359873
1328,0.0,1360897
1329,0.0,1361921
1330,0.0,1362945
1331,0.0,1363969
1332,0.0,1364993
1333,0.0,1366017
1334,0.0,1367041
1335,0.0,1368065
1336,0.0,1369089
1337,0.0,1370113
1338,0.0,1371137
1339,0.0,1372161
1340,0.0,1373185
1341,0.0,1374209
1342,0.0,1375233
1343,0.0,1376257
1344,0.0,1377281
1345,0.0,1378305
1346,0.0,1379329
1347,0.0,1380353
1348,0.0,1381377
1349,0.0,1382401
1350,0.0,1383425
1351,0.0,1384449
1352,0.0,1385473
1353,0.0,1386497
1354,0.0,1387521
1355,0.0,1388545
1356,0.0,1389569
1357,0.0,1390593
1358,0.0,1391617
1359,0.0,1392641
1360,0.0,1393665
1361,0.0,1394689
1362,0.0,1395713
1363,0.0,1396737
1364,0.0,1397761
1365,0.0,1398785
1366,0.0,1399809
1367,0.0,1400833
1368,0.0,1401857
1369,0.0,1402881
1370,0.0,1403905
1371,0.0,1404929
1372,0.0,1405953
1373,0.0,1406977
1374,0.0,1408001
1375,0.0,1409025
1376,0.0,1410049
1377,0.0,1411073
1378,0.0,1412097
1379,0.0,1413121
1380,0.0,1414145
1381,0.0,1415169
1382,0.0,1416193
1383,0.0,1417217
1384,0.0,1418241
1385,0.0,1419265
1386,0.0,1420289
1387,0.0,1421313
1388,0.0,1422337
1389,0.0,1423361
1390,0.0,1424385
1391,0.0,1425409
1392,0.0,1426433
1393,0.0,1427457
1394,0.0,1428481
1395,0.0,1429505
1396,0.0,1430529
1397,0.0,1431553
1398,0.0,1432577
1399,0.0,1433601
1400,0.0,1434625
1401,0.0,1435649
1402,0.0,1436673
1403,0.0,1437697
1404,0.0,1438721
1405,0.0,1439745
1406,0.0,1440769
1407,0.0,1441793
1408,0.0,1442817
1409,0.0,1443841
1410,0.0,1444865
1411,0.0,1445889
1412,0.0,1446913
1413,0.0,1447937
1414,0.0,1448961
1415,0.0,1449985
1416,0.0,1451009
1417,0.0,1452033
1418,0.0,1453057
1419,0.0,1454081
1420,0.0,1455105
1421,0.0,1456129
1422,0.0,1457153
1423,0.0,1458177
1424,0.0,1459201
1425,0.0,1460225
1426,0.0,1461249
1427,0.0,1462273
1428,0.0,1463297
1429,0.0,1464321
1430,0.0,1465345
1431,0.0,1466369
1432,0.0,1467393
1433,0.0,1468417
1434,0.0,1469441
1435,0.0,1470465
1436,0.0,1471489
1437,0.0,1472513
1438,0.0,1473537
1439,0.0,1474561
1440,0.0,1475585
1441,0.0,1476609
1442,0.0,1477633
1443,0.0,1478657
1444,0.0,1479681
1445,0.0,1480705
1446,0.0,1481729
1447,0.0,1482753
1448,0.0,1483777
1449,0.0,1484801
1450,0.0,1485825
1451,0.0,1486849
1452,0.0,1487873
1453,0.0,1488897
1454,0.0,1489921
1455,0.0,1490945
1456,0.0,1491969
1457,0.0,1492993
1458,0.0,1494017
1459,0.0,1495041
1460,0.0,1496065
1461,0.0,1497089
1462,0.0,1498113
1463,0.0,1499137
1464,0.0,1500161
1465,0.0,1501185
1466,0.0,1502209
1467,0.0,1503233
1468,0.0,1504257
1469,0.0,1505281
1470,0.0,1506305
1471,0.0,1507329
1472,0.0,1508353
1473,0.0,1509377
1474,0.0,1510401
1475,0.0,1511425
1476,0.0,1512449
1477,0.0,1513473
1478,0.0,1514497
1479,0.0,1515521
1480,0.0,1516545
1481,0.0,1517569
1482,0.0,1518593
1483,0.0,1519617
1484,0.0,1520641
1485,0.0,1521665
1486,0.0,1522689
1487,0.0,1523713
1488,0.0,1524737
1489,0.0,1525761
1490,0.0,1526785
1491,0.0,1527809
1492,0.0,1528833
1493,0.0,1529857
1494,0.0,1530881
1495,0.0,1531905
1496,0.0,1532929
1497,0.0,1533953
1498,0.0,1534977
1499,0.0,1536001
1500,0.0,1537025
1501,0.0,1538049
1502,0.0,1539073
1503,0.0,1540097
1504,0.0,1541121
1505,0.0,1542145
1506,0.0,1543169
1507,0.0,1544193
1508,0.0,1545217
1509,0.0,1546241
1510,0.0,1547265
1511,0.0,1548289
1512,0.0,1549313
1513,0.0,1550337
1514,0.0,1551361
1515,0.0,1552385
1516,0.0,1553409
1517,0.0,1554433
1518,0.0,1555457
1519,0.0,1556481
1520,0.0,1557505
1521,0.0,1558529
1522,0.0,1559553
1523,0.0,1560577
1524,0.0,1561601
1525,0.0,1562625
1526,0.0,1563649
1527,0.0,1564673
1528,0.0,1565697
1529,0.0,1566721
1530,0.0,1567745
1531,0.0,1568769
1532,0.0,1569793
1533,0.0,1570817
1534,0.0,1571841
1535,0.0,1572865
1536,0.0,1573889
1537,0.0,1574913
1538,0.0,1575937
1539,0.0,1576961
1540,0.0,1577985
1541,0.0,1579009
1542,0.0,1580033
1543,0.0,1581057
1544,0.0,1582081
1545,0.0,1583105
1546,0.0,1584129
1547,0.0,1585153
1548,0.0,1586177
1549,0.0,1587201
1550,0.0,1588225
1551,0.0,1589249
1552,0.0,1590273
1553,0.0,1591297
1554,0.0,1592321
1555,0.0,1593345
1556,0.0,1594369
1557,0.0,1595393
1558,0.0,1596417
1559,0.0,1597441
1560,0.0,1598465
1561,0.0,1599489
1562,0.0,1600513
1563,0.0,1601537
1564,0.0,1602561
1565,0.0,1603585
1566,0.0,1604609
1567,0.0,1605633
1568,0.0,1606657
1569,0.0,1607681
1570,0.0,1608705
1571,0.0,1609729
1572,0.0,1610753
1573,0.0,1611777
1574,0.0,1612801
1575,0.0,1613825
1576,0.0,1614849
1577,0.0,1615873
1578,0.0,1616897
1579,0.0,1617921
1580,0.0,1618945
1581,0.0,1619969
1582,0.0,1620993
1583,0.0,1622017
1584,0.0,1623041
1585,0.0,1624065
1586,0.0,1625089
1587,0.0,1626113
1588,0.0,1627137
1589,0.0,1628161
1590,0.0,1629185
1591,0.0,1630209
1592,0.0,1631233
1593,0.0,1632257
1594,0.0,1633281
1595,0.0,1634305
1596,0.0,1635329
1597,0.0,1636353
1598,0.0,1637377
1599,0.0,1638401
1600,0.0,1639425
1601,0.0,1640449
1602,0.0,1641473
1603,0.0,1642497
1604,0.0,1643521
1605,0.0,1644545
1606,0.0,1645569
1607,0.0,1646593
1608,0.0,1647617
1609,0.0,1648641
1610,0.0,1649665
1611,0.0,1650689
1612,0.0,1651713
1613,0.0,1652737
1614,0.0,1653761
1615,0.0,1654785
1616,0.0,1655809
1617,0.0,1656833
1618,0.0,1657857
1619,0.0,1658881
1620,0.0,1659905
1621,0.0,1660929
1622,0.0,1661953
1623,0.0,1662977
1624,0.0,1664001
1625,0.0,1665025
1626,0.0,1666049
1627,0.0,1667073
1628,0.0,1668097
1629,0.0,1669121
1630,0.0,1670145
1631,0.0,1671169
1632,0.0,1672193
1633,0.0,1673217
1634,0.0,1674241
1635,0.0,1675265
1636,0.0,1676289
1637,0.0,1677313
1638,0.0,1678337
1639,0.0,1679361
1640,0.0,1680385
1641,0.0,1681409
1642,0.0,1682433
1643,0.0,1683457
1644,0.0,1684481
1645,0.0,1685505
1646,0.0,1686529
1647,0.0,1687553
1648,0.0,1688577
1649,0.0,1689601
1650,0.0,1690625
1651,0.0,1691649
1652,0.0,1692673
1653,0.0,1693697
1654,0.0,1694721
1655,0.0,1695745
1656,0.0,1696769
1657,0.0,1697793
1658,0.0,1698817
1659,0.0,1699841
1660,0.0,1700865
1661,0.0,1701889
1662,0.0,1702913
1663,0.0,1703937
1664,0.0,1704961
1665,0.0,1705985
1666,0.0,1707009
1667,0.0,1708033
1668,0.0,1709057
1669,0.0,1710081
1670,0.0,1711105
1671,0.0,1712129
1672,0.0,1713153
1673,0.0,1714177
1674,0.0,1715201
1675,0.0,1716225
1676,0.0,1717249
1677,0.0,1718273
1678,0.0,1719297
1679,0.0,1720321
1680,0.0,1721345
1681,0.0,1722369
1682,0.0,1723393
1683,0.0,1724417
1684,0.0,1725441
1685,0.0,1726465
1686,0.0,1727489
1687,0.0,1728513
1688,0.0,1729537
1689,0.0,1730561
1690,0.0,1731585
1691,0.0,1732609
1692,0.0,1733633
1693,0.0,1734657
1694,0.0,1735681
1695,0.0,1736705
1696,0.0,1737729
1697,0.0,1738753
1698,0.0,1739777
1699,0.0,1740801
1700,0.0,1741825
1701,0.0,1742849
1702,0.0,1743873
1703,0.0,1744897
1704,0.0,1745921
1705,0.0,1746945
1706,0.0,1747969
1707,0.0,1748993
1708,0.0,1750017
1709,0.0,1751041
1710,0.0,1752065
1711,0.0,1753089
1712,0.0,1754113
1713,0.0,1755137
1714,0.0,1756161
1715,0.0,1757185
1716,0.0,1758209
1717,0.0,1759233
1718,0.0,1760257
1719,0.0,1761281
1720,0.0,1762305
1721,0.0,1763329
1722,0.0,1764353
1723,0.0,1765377
1724,0.0,1766401
1725,0.0,1767425
1726,0.0,1768449
1727,0.0,1769473
1728,0.0,1770497
1729,0.0,1771521
1730,0.0,1772545
1731,0.0,1773569
1732,0.0,1774593
1733,0.0,1775617
1734,0.0,1776641
1735,0.0,1777665
1736,0.0,1778689
1737,0.0,1779713
1738,0.0,1780737
1739,0.0,1781761
1740,0.0,1782785
1741,0.0,1783809
1742,0.0,1784833
1743,0.0,1785857
1744,0.0,1786881
1745,0.0,1787905
1746,0.0,1788929
1747,0.0,1789953
1748,0.0,1790977
1749,0.0,1792001
1750,0.0,1793025
1751,0.0,1794049
1752,0.0,1795073
1753,0.0,1796097
1754,0.0,1797121
1755,0.0,1798145
1756,0.0,1799169
1757,0.0,1800193
1758,0.0,1801217
1759,0.0,1802241
1760,0.0,1803265
1761,0.0,1804289
1762,0.0,1805313
1763,0.0,1806337
1764,0.0,1807361
1765,0.0,1808385
1766,0.0,1809409
1767,0.0,1810433
1768,0.0,1811457
1769,0.0,1812481
1770,0.0,1813505
1771,0.0,1814529
1772,0.0,1815553
1773,0.0,1816577
1774,0.0,1817601
1775,0.0,1818625
1776,0.0,1819649
1777,0.0,1820673
1778,0.0,1821697
1779,0.0,1822721
1780,0.0,1823745
1781,0.0,1824769
1782,0.0,1825793
1783,0.0,1826817
1784,0.0,1827841
1785,0.0,1828865
1786,0.0,1829889
1787,0.0,1830913
1788,0.0,1831937
1789,0.0,1832961
1790,0.0,1833985
1791,0.0,1835009
1792,0.0,1836033
1793,0.0,1837057
1794,0.0,1838081
1795,0.0,1839105
1796,0.0,1840129
1797,0.0,1841153
1798,0.0,1842177
1799,0.0,1843201
1800,0.0,1844225
1801,0.0,1845249
1802,0.0,1846273
1803,0.0,1847297
1804,0.0,1848321
1805,0.0,1849345
1806,0.0,1850369
1807,0.0,1851393
1808,0.0,1852417
1809,0.0,1853441
1810,0.0,1854465
1811,0.0,1855489
1812,0.0,1856513
1813,0.0,1857537
1814,0.0,1858561
1815,0.0,1859585
1816,0.0,1860609
1817,0.0,1861633
1818,0.0,1862657
1819,0.0,1863681
1820,0.0,1864705
1821,0.0,1865729
1822,0.0,1866753
1823,0.0,1867777
1824,0.0,1868801
1825,0.0,1869825
1826,0.0,1870849
1827,0.0,1871873
1828,0.0,1872897
1829,0.0,1873921
1830,0.0,1874945
1831,0.0,1875969
1832,0.0,1876993
1833,0.0,1878017
1834,0.0,1879041
1835,0.0,1880065
1836,0.0,1881089
1837,0.0,1882113
1838,0.0,1883137
1839,0.0,1884161
1840,0.0,1885185
1841,0.0,1886209
1842,0.0,1887233
1843,0.0,1888257
1844,0.0,1889281
1845,0.0,1890305
1846,0.0,1891329
1847,0.0,1892353
1848,0.0,1893377
1849,0.0,1894401
1850,0.0,1895425
1851,0.0,1896449
1852,0.0,1897473
1853,0.0,1898497
1854,0.0,1899521
1855,0.0,1900545
1856,0.0,1901569
1857,0.0,1902593
1858,0.0,1903617
1859,0.0,1904641
1860,0.0,1905665
1861,0.0,1906689
1862,0.0,1907713
1863,0.0,1908737
1864,0.0,1909761
1865,0.0,1910785
1866,0.0,1911809
1867,0.0,1912833
1868,0.0,1913857
1869,0.0,1914881
1870,0.0,1915905
1871,0.0,1916929
1872,0.0,1917953
1873,0.0,1918977
1874,0.0,1920001
1875,0.0,1921025
1876,0.0,1922049
1877,0.0,1923073
1878,0.0,1924097
1879,0.0,1925121
1880,0.0,1926145
1881,0.0,1927169
1882,0.0,1928193
1883,0.0,1929217
1884,0.0,1930241
1885,0.0,1931265
1886,0.0,1932289
1887,0.0,1933313
1888,0.0,1934337
1889,0.0,1935361
1890,0.0,1936385
1891,0.0,1937409
1892,0.0,1938433
1893,0.0,1939457
1894,0.0,1940481
1895,0.0,1941505
1896,0.0,1942529
1897,0.0,1943553
1898,0.0,1944577
1899,0.0,1945601
1900,0.0,1946625
1901,0.0,1947649
1902,0.0,1948673
1903,0.0,1949697
1904,0.0,1950721
1905,0.0,1951745
1906,0.0,1952769
1907,0.0,1953793
1908,0.0,1954817
1909,0.0,1955841
1910,0.0,1956865
1911,0.0,1957889
1912,0.0,1958913
1913,0.0,1959937
1914,0.0,1960961
1915,0.0,1961985
1916,0.0,1963009
1917,0.0,1964033
1918,0.0,1965057
1919,0.0,1966081
1920,0.0,1967105
1921,0.0,1968129
1922,0.0,1969153
1923,0.0,1970177
1924,0.0,1971201
1925,0.0,1972225
1926,0.0,1973249
1927,0.0,1974273
1928,0.0,1975297
1929,0.0,1976321
1930,0.0,1977345
1931,0.0,1978369
1932,0.0,1979393
1933,0.0,1980417
1934,0.0,1981441
1935,0.0,1982465
1936,0.0,1983489
1937,0.0,1984513
1938,0.0,1985537
1939,0.0,1986561
1940,0.0,1987585
1941,0.0,1988609
1942,0.0,1989633
1943,0.0,1990657
1944,0.0,1991681
1945,0.0,1992705
1946,0.0,1993729
1947,0.0,1994753
1948,0.0,1995777
1949,0.0,1996801
1950,0.0,1997825
1951,0.0,1998849
1952,0.0,1999873
1953,0.0,2000897
1954,0.0,2001921
1955,0.0,2002945
1956,0.0,2003969
1957,0.0,2004993
1958,0.0,2006017
1959,0.0,2007041
1960,0.0,2008065
1961,0.0,2009089
1962,0.0,2010113
1963,0.0,2011137
1964,0.0,2012161
1965,0.0,2013185
1966,0.0,2014209
1967,0.0,2015233
1968,0.0,2016257
1969,0.0,2017281
1970,0.0,2018305
1971,0.0,2019329
1972,0.0,2020353
1973,0.0,2021377
1974,0.0,2022401
1975,0.0,2023425
1976,0.0,2024449
1977,0.0,2025473
1978,0.0,2026497
1979,0.0,2027521
1980,0.0,2028545
1981,0.0,2029569
1982,0.0,2030593
1983,0.0,2031617
1984,0.0,2032641
1985,0.0,2033665
1986,0.0,2034689
1987,0.0,2035713
1988,0.0,2036737
1989,0.0,2037761
1990,0.0,2038785
1991,0.0,2039809
1992,0.0,2040833
1993,0.0,2041857
1994,0.0,2042881
1995,0.0,2043905
1996,0.0,2044929
1997,0.0,2045953
1998,0.0,2046977
1999,0.0,2048001
2000,0.0,2049025
2001,0.0,2050049
2002,0.0,2051073
2003,0.0,2052097
2004,0.0,2053121
2005,0.0,2054145
2006,0.0,2055169
2007,0.0,2056193
2008,0.0,2057217
2009,0.0,2058241
2010,0.0,2059265
2011,0.0,2060289
2012,0.0,2061313
2013,0.0,2062337
2014,0.0,2063361
2015,0.0,2064385
2016,0.0,2065409
2017,0.0,2066433
2018,0.0,2067457
2019,0.0,2068481
2020,0.0,2069505
2021,0.0,2070529
2022,0.0,2071553
2023,0.0,2072577
2024,0.0,2073601
2025,0.0,2074625
2026,0.0,2075649
2027,0.0,2076673
2028,0.0,2077697
2029,0.0,2078721
2030,0.0,2079745
2031,0.0,2080769
2032,0.0,2081793
2033,0.0,2082817
2034,0.0,2083841
2035,0.0,2084865
2036,0.0,2085889
2037,0.0,2086913
2038,0.0,2087937
2039,0.0,2088961
2040,0.0,2089985
2041,0.0,2091009
2042,0.0,2092033
2043,0.0,2093057
2044,0.0,2094081
2045,0.0,2095105
2046,0.0,2096129
2047,0.0,2097153
2048,0.0,2098177
2049,0.0,2099201
2050,0.0,2100225
2051,0.0,2101249
2052,0.0,2102273
2053,0.0,2103297
2054,0.0,2104321
2055,0.0,2105345
2056,0.0,2106369
2057,0.0,2107393
2058,0.0,2108417
2059,0.0,2109441
2060,0.0,2110465
2061,0.0,2111489
2062,0.0,2112513
2063,0.0,2113537
2064,0.0,2114561
2065,0.0,2115585
2066,0.0,2116609
2067,0.0,2117633
2068,0.0,2118657
2069,0.0,2119681
2070,0.0,2120705
2071,0.0,2121729
2072,0.0,2122753
2073,0.0,2123777
2074,0.0,2124801
2075,0.0,2125825
2076,0.0,2126849
2077,0.0,2127873
2078,0.0,2128897
2079,0.0,2129921
2080,0.0,2130945
2081,0.0,2131969
2082,0.0,2132993
2083,0.0,2134017
2084,0.0,2135041
2085,0.0,2136065
2086,0.0,2137089
2087,0.0,2138113
2088,0.0,2139137
2089,0.0,2140161
2090,0.0,2141185
2091,0.0,2142209
2092,0.0,2143233
2093,0.0,2144257
2094,0.0,2145281
2095,0.0,2146305
2096,0.0,2147329
2097,0.0,2148353
2098,0.0,2149377
2099,0.0,2150401
2100,0.0,2151425
2101,0.0,2152449
2102,0.0,2153473
2103,0.0,2154497
2104,0.0,2155521
2105,0.0,2156545
2106,0.0,2157569
2107,0.0,2158593
2108,0.0,2159617
2109,0.0,2160641
2110,0.0,2161665
2111,0.0,2162689
2112,0.0,2163713
2113,0.0,2164737
2114,0.0,2165761
2115,0.0,2166785
2116,0.0,2167809
2117,0.0,2168833
2118,0.0,2169857
2119,0.0,2170881
2120,0.0,2171905
2121,0.0,2172929
2122,0.0,2173953
2123,0.0,2174977
2124,0.0,2176001
2125,0.0,2177025
2126,0.0,2178049
2127,0.0,2179073
2128,0.0,2180097
2129,0.0,2181121
2130,0.0,2182145
2131,0.0,2183169
2132,0.0,2184193
2133,0.0,2185217
2134,0.0,2186241
2135,0.0,2187265
2136,0.0,2188289
2137,0.0,2189313
2138,0.0,2190337
2139,0.0,2191361
2140,0.0,2192385
2141,0.0,2193409
2142,0.0,2194433
2143,0.0,2195457
2144,0.0,2196481
2145,0.0,2197505
2146,0.0,2198529
2147,0.0,2199553
2148,0.0,2200577
2149,0.0,2201601
2150,0.0,2202625
2151,0.0,2203649
2152,0.0,2204673
2153,0.0,2205697
2154,0.0,2206721
2155,0.0,2207745
2156,0.0,2208769
2157,0.0,2209793
2158,0.0,2210817
2159,0.0,2211841
2160,0.0,2212865
2161,0.0,2213889
2162,0.0,2214913
2163,0.0,2215937
2164,0.0,2216961
2165,0.0,2217985
2166,0.0,2219009
2167,0.0,2220033
2168,0.0,2221057
2169,0.0,2222081
2170,0.0,2223105
2171,0.0,2224129
2172,0.0,2225153
2173,0.0,2226177
2174,0.0,2227201
2175,0.0,2228225
2176,0.0,2229249
2177,0.0,2230273
2178,0.0,2231297
2179,0.0,2232321
2180,0.0,2233345
2181,0.0,2234369
2182,0.0,2235393
2183,0.0,2236417
2184,0.0,2237441
2185,0.0,2238465
2186,0.0,2239489
2187,0.0,2240513
2188,0.0,2241537
2189,0.0,2242561
2190,0.0,2243585
2191,0.0,2244609
2192,0.0,2245633
2193,0.0,2246657
2194,0.0,2247681
2195,0.0,2248705
2196,0.0,2249729
2197,0.0,2250753
2198,0.0,2251777
2199,0.0,2252801
2200,0.0,2253825
2201,0.0,2254849
2202,0.0,2255873
2203,0.0,2256897
2204,0.0,2257921
2205,0.0,2258945
2206,0.0,2259969
2207,0.0,2260993
2208,0.0,2262017
2209,0.0,2263041
2210,0.0,2264065
2211,0.0,2265089
2212,0.0,2266113
2213,0.0,2267137
2214,0.0,2268161
2215,0.0,2269185
2216,0.0,2270209
2217,0.0,2271233
2218,0.0,2272257
2219,0.0,2273281
2220,0.0,2274305
2221,0.0,2275329
2222,0.0,2276353
2223,0.0,2277377
2224,0.0,2278401
2225,0.0,2279425
2226,0.0,2280449
2227,0.0,2281473
2228,0.0,2282497
2229,0.0,2283521
2230,0.0,2284545
2231,0.0,2285569
2232,0.0,2286593
2233,0.0,2287617
2234,0.0,2288641
2235,0.0,2289665
2236,0.0,2290689
2237,0.0,2291713
2238,0.0,2292737
2239,0.0,2293761
2240,0.0,2294785
2241,0.0,2295809
2242,0.0,2296833
2243,0.0,2297857
2244,0.0,2298881
2245,0.0,2299905
2246,0.0,2300929
2247,0.0,2301953
2248,0.0,2302977
2249,0.0,2304001
2250,0.0,2305025
2251,0.0,2306049
2252,0.0,2307073
2253,0.0,2308097
2254,0.0,2309121
2255,0.0,2310145
2256,0.0,2311169
2257,0.0,2312193
2258,0.0,2313217
2259,0.0,2314241
2260,0.0,2315265
2261,0.0,2316289
2262,0.0,2317313
2263,0.0,2318337
2264,0.0,2319361
2265,0.0,2320385
2266,0.0,2321409
2267,0.0,2322433
2268,0.0,2323457
2269,0.0,2324481
2270,0.0,2325505
2271,0.0,2326529
2272,0.0,2327553
2273,0.0,2328577
2274,0.0,2329601
2275,0.0,2330625
2276,0.0,2331649
2277,0.0,2332673
2278,0.0,2333697
2279,0.0,2334721
2280,0.0,2335745
2281,0.0,2336769
2282,0.0,2337793
2283,0.0,2338817
2284,0.0,2339841
2285,0.0,2340865
2286,0.0,2341889
2287,0.0,2342913
2288,0.0,2343937
2289,0.0,2344961
2290,0.0,2345985
2291,0.0,2347009
2292,0.0,2348033
2293,0.0,2349057
2294,0.0,2350081
2295,0.0,2351105
2296,0.0,2352129
2297,0.0,2353153
2298,0.0,2354177
2299,0.0,2355201
2300,0.0,2356225
2301,0.0,2357249
2302,0.0,2358273
2303,0.0,2359297
2304,0.0,2360321
2305,0.0,2361345
2306,0.0,2362369
2307,0.0,2363393
2308,0.0,2364417
2309,0.0,2365441
2310,0.0,2366465
2311,0.0,2367489
2312,0.0,2368513
2313,0.0,2369537
2314,0.0,2370561
2315,0.0,2371585
2316,0.0,2372609
2317,0.0,2373633
2318,0.0,2374657
2319,0.0,2375681
2320,0.0,2376705
2321,0.0,2377729
2322,0.0,2378753
2323,0.0,2379777
2324,0.0,2380801
2325,0.0,2381825
2326,0.0,2382849
2327,0.0,2383873
2328,0.0,2384897
2329,0.0,2385921
2330,0.0,2386945
2331,0.0,2387969
2332,0.0,2388993
2333,0.0,2390017
2334,0.0,2391041
2335,0.0,2392065
2336,0.0,2393089
2337,0.0,2394113
2338,0.0,2395137
2339,0.0,2396161
2340,0.0,2397185
2341,0.0,2398209
2342,0.0,2399233
2343,0.0,2400257
2344,0.0,2401281
2345,0.0,2402305
2346,0.0,2403329
2347,0.0,2404353
2348,0.0,2405377
2349,0.0,2406401
2350,0.0,2407425
2351,0.0,2408449
2352,0.0,2409473
2353,0.0,2410497
2354,0.0,2411521
2355,0.0,2412545
2356,0.0,2413569
2357,0.0,2414593
2358,0.0,2415617
2359,0.0,2416641
2360,0.0,2417665
2361,0.0,2418689
2362,0.0,2419713
2363,0.0,2420737
2364,0.0,2421761
2365,0.0,2422785
2366,0.0,2423809
2367,0.0,2424833
2368,0.0,2425857
2369,0.0,2426881
2370,0.0,2427905
2371,0.0,2428929
2372,0.0,2429953
2373,0.0,2430977
2374,0.0,2432001
2375,0.0,2433025
2376,0.0,2434049
2377,0.0,2435073
2378,0.0,2436097
2379,0.0,2437121
2380,0.0,2438145
2381,0.0,2439169
2382,0.0,2440193
2383,0.0,2441217
2384,0.0,2442241
2385,0.0,2443265
2386,0.0,2444289
2387,0.0,2445313
2388,0.0,2446337
2389,0.0,2447361
2390,0.0,2448385
2391,0.0,2449409
2392,0.0,2450433
2393,0.0,2451457
2394,0.0,2452481
2395,0.0,2453505
2396,0.0,2454529
2397,0.0,2455553
2398,0.0,2456577
2399,0.0,2457601
2400,0.0,2458625
2401,0.0,2459649
2402,0.0,2460673
2403,0.0,2461697
2404,0.0,2462721
2405,0.0,2463745
2406,0.0,2464769
2407,0.0,2465793
2408,0.0,2466817
2409,0.0,2467841
2410,0.0,2468865
2411,0.0,2469889
2412,0.0,2470913
2413,0.0,2471937
2414,0.0,2472961
2415,0.0,2473985
2416,0.0,2475009
2417,0.0,2476033
2418,0.0,2477057
2419,0.0,2478081
2420,0.0,2479105
2421,0.0,2480129
2422,0.0,2481153
2423,0.0,2482177
2424,0.0,2483201
2425,0.0,2484225
2426,0.0,2485249
2427,0.0,2486273
2428,0.0,2487297
2429,0.0,2488321
2430,0.0,2489345
2431,0.0,2490369
2432,0.0,2491393
2433,0.0,2492417
2434,0.0,2493441
2435,0.0,2494465
2436,0.0,2495489
2437,0.0,2496513
2438,0.0,2497537
2439,0.0,2498561
2440,0.0,2499585
2441,0.0,2500609
2442,0.0,2501633
2443,0.0,2502657
2444,0.0,2503681
2445,0.0,2504705
2446,0.0,2505729
2447,0.0,2506753
2448,0.0,2507777
2449,0.0,2508801
2450,0.0,2509825
2451,0.0,2510849
2452,0.0,2511873
2453,0.0,2512897
2454,0.0,2513921
2455,0.0,2514945
2456,0.0,2515969
2457,0.0,2516993
2458,0.0,2518017
2459,0.0,2519041
2460,0.0,2520065
2461,0.0,2521089
2462,0.0,2522113
2463,0.0,2523137
2464,0.0,2524161
2465,0.0,2525185
2466,0.0,2526209
2467,0.0,2527233
2468,0.0,2528257
2469,0.0,2529281
2470,0.0,2530305
2471,0.0,2531329
2472,0.0,2532353
2473,0.0,2533377
2474,0.0,2534401
2475,0.0,2535425
2476,0.0,2536449
2477,0.0,2537473
2478,0.0,2538497
2479,0.0,2539521
2480,0.0,2540545
2481,0.0,2541569
2482,0.0,2542593
2483,0.0,2543617
2484,0.0,2544641
2485,0.0,2545665
2486,0.0,2546689
2487,0.0,2547713
2488,0.0,2548737
2489,0.0,2549761
2490,0.0,2550785
2491,0.0,2551809
2492,0.0,2552833
2493,0.0,2553857
2494,0.0,2554881
2495,0.0,2555905
2496,0.0,2556929
2497,0.0,2557953
2498,0.0,2558977
2499,0.0,2560001
2500,0.0,2561025
2501,0.0,2562049
2502,0.0,2563073
2503,0.0,2564097
2504,0.0,2565121
2505,0.0,2566145
2506,0.0,2567169
2507,0.0,2568193
2508,0.0,2569217
2509,0.0,2570241
2510,0.0,2571265
2511,0.0,2572289
2512,0.0,2573313
2513,0.0,2574337
2514,0.0,2575361
2515,0.0,2576385
2516,0.0,2577409
2517,0.0,2578433
2518,0.0,2579457
2519,0.0,2580481
2520,0.0,2581505
2521,0.0,2582529
2522,0.0,2583553
2523,0.0,2584577
2524,0.0,2585601
2525,0.0,2586625
2526,0.0,2587649
2527,0.0,2588673
2528,0.0,2589697
2529,0.0,2590721
2530,0.0,2591745
2531,0.0,2592769
2532,0.0,2593793
2533,0.0,2594817
2534,0.0,2595841
2535,0.0,2596865
2536,0.0,2597889
2537,0.0,2598913
2538,0.0,2599937
2539,0.0,2600961
2540,0.0,2601985
2541,0.0,2603009
2542,0.0,2604033
2543,0.0,2605057
2544,0.0,2606081
2545,0.0,2607105
2546,0.0,2608129
2547,0.0,2609153
2548,0.0,2610177
2549,0.0,2611201
2550,0.0,2612225
2551,0.0,2613249
2552,0.0,2614273
2553,0.0,2615297
2554,0.0,2616321
2555,0.0,2617345
2556,0.0,2618369
2557,0.0,2619393
2558,0.0,2620417
2559,0.0,2621441
2560,0.0,2622465
2561,0.0,2623489
2562,0.0,2624513
2563,0.0,2625537
2564,0.0,2626561
2565,0.0,2627585
2566,0.0,2628609
2567,0.0,2629633
2568,0.0,2630657
2569,0.0,2631681
2570,0.0,2632705
2571,0.0,2633729
2572,0.0,2634753
2573,0.0,2635777
2574,0.0,2636801
2575,0.0,2637825
2576,0.0,2638849
2577,0.0,2639873
2578,0.0,2640897
2579,0.0,2641921
2580,0.0,2642945
2581,0.0,2643969
2582,0.0,2644993
2583,0.0,2646017
2584,0.0,2647041
2585,0.0,2648065
2586,0.0,2649089
2587,0.0,2650113
2588,0.0,2651137
2589,0.0,2652161
2590,0.0,2653185
2591,0.0,2654209
2592,0.0,2655233
2593,0.0,2656257
2594,0.0,2657281
2595,0.0,2658305
2596,0.0,2659329
2597,0.0,2660353
2598,0.0,2661377
2599,0.0,2662401
2600,0.0,2663425
2601,0.0,2664449
2602,0.0,2665473
2603,0.0,2666497
2604,0.0,2667521
2605,0.0,2668545
2606,0.0,2669569
2607,0.0,2670593
2608,0.0,2671617
2609,0.0,2672641
2610,0.0,2673665
2611,0.0,2674689
2612,0.0,2675713
2613,0.0,2676737
2614,0.0,2677761
2615,0.0,2678785
2616,0.0,2679809
2617,0.0,2680833
2618,0.0,2681857
2619,0.0,2682881
2620,0.0,2683905
2621,0.0,2684929
2622,0.0,2685953
2623,0.0,2686977
2624,0.0,2688001
2625,0.0,2689025
2626,0.0,2690049
2627,0.0,2691073
2628,0.0,2692097
2629,0.0,2693121
2630,0.0,2694145
2631,0.0,2695169
2632,0.0,2696193
2633,0.0,2697217
2634,0.0,2698241
2635,0.0,2699265
2636,0.0,2700289
2637,0.0,2701313
2638,0.0,2702337
2639,0.0,2703361
2640,0.0,2704385
2641,0.0,2705409
2642,0.0,2706433
2643,0.0,2707457
2644,0.0,2708481
2645,0.0,2709505
2646,0.0,2710529
2647,0.0,2711553
2648,0.0,2712577
2649,0.0,2713601
2650,0.0,2714625
2651,0.0,2715649
2652,0.0,2716673
2653,0.0,2717697
2654,0.0,2718721
2655,0.0,2719745
2656,0.0,2720769
2657,0.0,2721793
2658,0.0,2722817
2659,0.0,2723841
2660,0.0,2724865
2661,0.0,2725889
2662,0.0,2726913
2663,0.0,2727937
2664,0.0,2728961
2665,0.0,2729985
2666,0.0,2731009
2667,0.0,2732033
2668,0.0,2733057
2669,0.0,2734081
2670,0.0,2735105
2671,0.0,2736129
2672,0.0,2737153
2673,0.0,2738177
2674,0.0,2739201
2675,0.0,2740225
2676,0.0,2741249
2677,0.0,2742273
2678,0.0,2743297
2679,0.0,2744321
2680,0.0,2745345
2681,0.0,2746369
2682,0.0,2747393
2683,0.0,2748417
2684,0.0,2749441
2685,0.0,2750465
2686,0.0,2751489
2687,0.0,2752513
2688,0.0,2753537
2689,0.0,2754561
2690,0.0,2755585
2691,0.0,2756609
2692,0.0,2757633
2693,0.0,2758657
2694,0.0,2759681
2695,0.0,2760705
2696,0.0,2761729
2697,0.0,2762753
2698,0.0,2763777
2699,0.0,2764801
2700,0.0,2765825
2701,0.0,2766849
2702,0.0,2767873
2703,0.0,2768897
2704,0.0,2769921
2705,0.0,2770945
2706,0.0,2771969
2707,0.0,2772993
2708,0.0,2774017
2709,0.0,2775041
2710,0.0,2776065
2711,0.0,2777089
2712,0.0,2778113
2713,0.0,2779137
2714,0.0,2780161
2715,0.0,2781185
2716,0.0,2782209
2717,0.0,2783233
2718,0.0,2784257
2719,0.0,2785281
2720,0.0,2786305
2721,0.0,2787329
2722,0.0,2788353
2723,0.0,2789377
2724,0.0,2790401
2725,0.0,2791425
2726,0.0,2792449
2727,0.0,2793473
2728,0.0,2794497
2729,0.0,2795521
2730,0.0,2796545
2731,0.0,2797569
2732,0.0,2798593
2733,0.0,2799617
2734,0.0,2800641
2735,0.0,2801665
2736,0.0,2802689
2737,0.0,2803713
2738,0.0,2804737
2739,0.0,2805761
2740,0.0,2806785
2741,0.0,2807809
2742,0.0,2808833
2743,0.0,2809857
2744,0.0,2810881
2745,0.0,2811905
2746,0.0,2812929
2747,0.0,2813953
2748,0.0,2814977
2749,0.0,2816001
2750,0.0,2817025
2751,0.0,2818049
2752,0.0,2819073
2753,0.0,2820097
2754,0.0,2821121
2755,0.0,2822145
2756,0.0,2823169
2757,0.0,2824193
2758,0.0,2825217
2759,0.0,2826241
2760,0.0,2827265
2761,0.0,2828289
2762,0.0,2829313
2763,0.0,2830337
2764,0.0,2831361
2765,0.0,2832385
2766,0.0,2833409
2767,0.0,2834433
2768,0.0,2835457
2769,0.0,2836481
2770,0.0,2837505
2771,0.0,2838529
2772,0.0,2839553
2773,0.0,2840577
2774,0.0,2841601
2775,0.0,2842625
2776,0.0,2843649
2777,0.0,2844673
2778,0.0,2845697
2779,0.0,2846721
2780,0.0,2847745
2781,0.0,2848769
2782,0.0,2849793
2783,0.0,2850817
2784,0.0,2851841
2785,0.0,2852865
2786,0.0,2853889
2787,0.0,2854913
2788,0.0,2855937
2789,0.0,2856961
2790,0.0,2857985
2791,0.0,2859009
2792,0.0,2860033
2793,0.0,2861057
2794,0.0,2862081
2795,0.0,2863105
2796,0.0,2864129
2797,0.0,2865153
2798,0.0,2866177
2799,0.0,2867201
2800,0.0,2868225
2801,0.0,2869249
2802,0.0,2870273
2803,0.0,2871297
2804,0.0,2872321
2805,0.0,2873345
2806,0.0,2874369
2807,0.0,2875393
2808,0.0,2876417
2809,0.0,2877441
2810,0.0,2878465
2811,0.0,2879489
2812,0.0,2880513
2813,0.0,2881537
2814,0.0,2882561
2815,0.0,2883585
2816,0.0,2884609
2817,0.0,2885633
2818,0.0,2886657
2819,0.0,2887681
2820,0.0,2888705
2821,0.0,2889729
2822,0.0,2890753
2823,0.0,2891777
2824,0.0,2892801
2825,0.0,2893825
2826,0.0,2894849
2827,0.0,2895873
2828,0.0,2896897
2829,0.0,2897921
2830,0.0,2898945
2831,0.0,2899969
2832,0.0,2900993
2833,0.0,2902017
2834,0.0,2903041
2835,0.0,2904065
2836,0.0,2905089
2837,0.0,2906113
2838,0.0,2907137
2839,0.0,2908161
2840,0.0,2909185
2841,0.0,2910209
2842,0.0,2911233
2843,0.0,2912257
2844,0.0,2913281
2845,0.0,2914305
2846,0.0,2915329
2847,0.0,2916353
2848,0.0,2917377
2849,0.0,2918401
2850,0.0,2919425
2851,0.0,2920449
2852,0.0,2921473
2853,0.0,2922497
2854,0.0,2923521
2855,0.0,2924545
2856,0.0,2925569
2857,0.0,2926593
2858,0.0,2927617
2859,0.0,2928641
2860,0.0,2929665
2861,0.0,2930689
2862,0.0,2931713
2863,0.0,2932737
2864,0.0,2933761
2865,0.0,2934785
2866,0.0,2935809
2867,0.0,2936833
2868,0.0,2937857
2869,0.0,2938881
2870,0.0,2939905
2871,0.0,2940929
2872,0.0,2941953
2873,0.0,2942977
2874,0.0,2944001
2875,0.0,2945025
2876,0.0,2946049
2877,0.0,2947073
2878,0.0,2948097
2879,0.0,2949121
2880,0.0,2950145
2881,0.0,2951169
2882,0.0,2952193
2883,0.0,2953217
2884,0.0,2954241
2885,0.0,2955265
2886,0.0,2956289
2887,0.0,2957313
2888,0.0,2958337
2889,0.0,2959361
2890,0.0,2960385
2891,0.0,2961409
2892,0.0,2962433
2893,0.0,2963457
2894,0.0,2964481
2895,0.0,2965505
2896,0.0,2966529
2897,0.0,2967553
2898,0.0,2968577
2899,0.0,2969601
2900,0.0,2970625
2901,0.0,2971649
2902,0.0,2972673
2903,0.0,2973697
2904,0.0,2974721
2905,0.0,2975745
2906,0.0,2976769
2907,0.0,2977793
2908,0.0,2978817
2909,0.0,2979841
2910,0.0,2980865
2911,0.0,2981889
2912,0.0,2982913
2913,0.0,2983937
2914,0.0,2984961
2915,0.0,2985985
2916,0.0,2987009
2917,0.0,2988033
2918,0.0,2989057
2919,0.0,2990081
2920,0.0,2991105
2921,0.0,2992129
2922,0.0,2993153
2923,0.0,2994177
2924,0.0,2995201
2925,0.0,2996225
2926,0.0,2997249
2927,0.0,2998273
2928,0.0,2999297
2929,0.0,3000321
2930,0.0,3001345
2931,0.0,3002369
2932,0.0,3003393
2933,0.0,3004417
2934,0.0,3005441
2935,0.0,3006465
2936,0.0,3007489
2937,0.0,3008513
2938,0.0,3009537
2939,0.0,3010561
2940,0.0,3011585
2941,0.0,3012609
2942,0.0,3013633
2943,0.0,3014657
2944,0.0,3015681
2945,0.0,3016705
2946,0.0,3017729
2947,0.0,3018753
2948,0.0,3019777
2949,0.0,3020801
2950,0.0,3021825
2951,0.0,3022849
2952,0.0,3023873
2953,0.0,3024897
2954,0.0,3025921
2955,0.0,3026945
2956,0.0,3027969
2957,0.0,3028993
2958,0.0,3030017
2959,0.0,3031041
2960,0.0,3032065
2961,0.0,3033089
2962,0.0,3034113
2963,0.0,3035137
2964,0.0,3036161
2965,0.0,3037185
2966,0.0,3038209
2967,0.0,3039233
2968,0.0,3040257
2969,0.0,3041281
2970,0.0,3042305
2971,0.0,3043329
2972,0.0,3044353
2973,0.0,3045377
2974,0.0,3046401
2975,0.0,3047425
2976,0.0,3048449
2977,0.0,3049473
2978,0.0,3050497
2979,0.0,3051521
2980,0.0,3052545
2981,0.0,3053569
2982,0.0,3054593
2983,0.0,3055617
2984,0.0,3056641
2985,0.0,3057665
2986,0.0,3058689
2987,0.0,3059713
2988,0.0,3060737
2989,0.0,3061761
2990,0.0,3062785
2991,0.0,3063809
2992,0.0,3064833
2993,0.0,3065857
2994,0.0,3066881
2995,0.0,3067905
2996,0.0,3068929
2997,0.0,3069953
2998,0.0,3070977
2999,0.0,3072001
3000,0.0,3073025
3001,0.0,3074049
3002,0.0,3075073
3003,0.0,3076097
3004,0.0,3077121
3005,0.0,3078145
3006,0.0,3079169
3007,0.0,3080193
3008,0.0,3081217
3009,0.0,3082241
3010,0.0,3083265
3011,0.0,3084289
3012,0.0,3085313
3013,0.0,3086337
3014,0.0,3087361
3015,0.0,3088385
3016,0.0,3089409
3017,0.0,3090433
3018,0.0,3091457
3019,0.0,3092481
3020,0.0,3093505
3021,0.0,3094529
3022,0.0,3095553
3023,0.0,3096577
3024,0.0,3097601
3025,0.0,3098625
3026,0.0,3099649
3027,0.0,3100673
3028,0.0,3101697
3029,0.0,3102721
3030,0.0,3103745
3031,0.0,3104769
3032,0.0,3105793
3033,0.0,3106817
3034,0.0,3107841
3035,0.0,3108865
3036,0.0,3109889
3037,0.0,3110913
3038,0.0,3111937
3039,0.0,3112961
3040,0.0,3113985
3041,0.0,3115009
3042,0.0,3116033
3043,0.0,3117057
3044,0.0,3118081
3045,0.0,3119105
3046,0.0,3120129
3047,0.0,3121153
3048,0.0,3122177
3049,0.0,3123201
3050,0.0,3124225
3051,0.0,3125249
3052,0.0,3126273
3053,0.0,3127297
3054,0.0,3128321
3055,0.0,3129345
3056,0.0,3130369
3057,0.0,3131393
3058,0.0,3132417
3059,0.0,3133441
3060,0.0,3134465
3061,0.0,3135489
3062,0.0,3136513
3063,0.0,3137537
3064,0.0,3138561
3065,0.0,3139585
3066,0.0,3140609
3067,0.0,3141633
3068,0.0,3142657
3069,0.0,3143681
3070,0.0,3144705
3071,0.0,3145729
3072,0.0,3146753
3073,0.0,3147777
3074,0.0,3148801
3075,0.0,3149825
3076,0.0,3150849
3077,0.0,3151873
3078,0.0,3152897
3079,0.0,3153921
3080,0.0,3154945
3081,0.0,3155969
3082,0.0,3156993
3083,0.0,3158017
3084,0.0,3159041
3085,0.0,3160065
3086,0.0,3161089
3087,0.0,3162113
3088,0.0,3163137
3089,0.0,3164161
3090,0.0,3165185
3091,0.0,3166209
3092,0.0,3167233
3093,0.0,3168257
3094,0.0,3169281
3095,0.0,3170305
3096,0.0,3171329
3097,0.0,3172353
3098,0.0,3173377
3099,0.0,3174401
3100,0.0,3175425
3101,0.0,3176449
3102,0.0,3177473
3103,0.0,3178497
3104,0.0,3179521
3105,0.0,3180545
3106,0.0,3181569
3107,0.0,3182593
3108,0.0,3183617
3109,0.0,3184641
3110,0.0,3185665
3111,0.0,3186689
3112,0.0,3187713
3113,0.0,3188737
3114,0.0,3189761
3115,0.0,3190785
3116,0.0,3191809
3117,0.0,3192833
3118,0.0,3193857
3119,0.0,3194881
3120,0.0,3195905
3121,0.0,3196929
3122,0.0,3197953
3123,0.0,3198977
3124,0.0,3200001
3125,0.0,3201025
3126,0.0,3202049
3127,0.0,3203073
3128,0.0,3204097
3129,0.0,3205121
3130,0.0,3206145
3131,0.0,3207169
3132,0.0,3208193
3133,0.0,3209217
3134,0.0,3210241
3135,0.0,3211265
3136,0.0,3212289
3137,0.0,3213313
3138,0.0,3214337
3139,0.0,3215361
3140,0.0,3216385
3141,0.0,3217409
3142,0.0,3218433
3143,0.0,3219457
3144,0.0,3220481
3145,0.0,3221505
3146,0.0,3222529
3147,0.0,3223553
3148,0.0,3224577
3149,0.0,3225601
3150,0.0,3226625
3151,0.0,3227649
3152,0.0,3228673
3153,0.0,3229697
3154,0.0,3230721
3155,0.0,3231745
3156,0.0,3232769
3157,0.0,3233793
3158,0.0,3234817
3159,0.0,3235841
3160,0.0,3236865
3161,0.0,3237889
3162,0.0,3238913
3163,0.0,3239937
3164,0.0,3240961
3165,0.0,3241985
3166,0.0,3243009
3167,0.0,3244033
3168,0.0,3245057
3169,0.0,3246081
3170,0.0,3247105
3171,0.0,3248129
3172,0.0,3249153
3173,0.0,3250177
3174,0.0,3251201
3175,0.0,3252225
3176,0.0,3253249
3177,0.0,3254273
3178,0.0,3255297
3179,0.0,3256321
3180,0.0,3257345
3181,0.0,3258369
3182,0.0,3259393
3183,0.0,3260417
3184,0.0,3261441
3185,0.0,3262465
3186,0.0,3263489
3187,0.0,3264513
3188,0.0,3265537
3189,0.0,3266561
3190,0.0,3267585
3191,0.0,3268609
3192,0.0,3269633
3193,0.0,3270657
3194,0.0,3271681
3195,0.0,3272705
3196,0.0,3273729
3197,0.0,3274753
